<?xml version="1.0" encoding="UTF-8"?>
<urn:Clients xmlns:urn="urn:pingidentity.com:pf:oauth:client">
    <urn:Client client_id="PingLogon" name="Ping Logon" persistentGrantExpirationTime="0" enabled="true" persistentGrantExpirationTimeUnit="d" lastModified="2019-04-22T16:56:36.398Z" bypassApprovalPage="true" restrictScopes="false" clientAuthnType="NONE" enforceOneTimeJWT="false" isRequireSignedRequest="false">
        <urn:Description>This client is used to perform OIDC logons to Ping products:
PA Admin
Delegated Admin
Consent \ DirAPI
DG (Symphonic)</urn:Description>
        <urn:Grant type="implicit"/>
        <urn:Grant type="authorization_code"/>
        <urn:RedirectUri>https://change.me</urn:RedirectUri>
        <urn:SupplementalInfo key="ALLOW_EXCLUSIVE_SCOPES" value="true"/>
        <urn:SupplementalInfo key="DEVICE_FLOW_SETTING" value="SERVER_DEFAULT"/>
        <urn:SupplementalInfo key="DEFAULT_ATM_ID" value="jwtHTML"/>
        <urn:SupplementalInfo key="PING_ACCESS_LOGOUT_CAPABLE" value="false"/>
        <urn:SupplementalInfo key="RESTRICT_RESPONSE_TYPES" value="false"/>
        <urn:SupplementalInfo key="ACCESS_SESSION_REVOCATION_API" value="false"/>
        <urn:SupplementalInfo key="PERSISTENT_GRANT_IDLE_TIMEOUT_TYPE" value="SERVER_DEFAULT"/>
        <urn:SupplementalInfo key="VALIDATE_USING_ALL_ELIGIBLE_ATMS" value="false"/>
        <urn:SupplementalInfo key="PERSISTENT_GRANT_IDLE_TIMEOUT_TIME_UNIT" value="d"/>
        <urn:SupplementalInfo key="EXCLUSIVE_SCOPES" value="[&quot;pd:dir:access&quot;,&quot;pd:consents:priv&quot;,&quot;pd:consents:unpriv&quot;]"/>
        <urn:SupplementalInfo key="ENABLED" value="true"/>
        <urn:SupplementalInfo key="vnd.ping.policy_group_id" value="OIDCPolicyHTML"/>
        <urn:SupplementalInfo key="PERSISTENT_GRANT_IDLE_TIMEOUT" value="0"/>
    </urn:Client>
</urn:Clients>