<?xml version="1.0" encoding="UTF-8"?>
<ldap:ldap-sources xmlns:ldap="http://pingidentity.com/2004/09/ldap-ds">
    <ldap:ldap-source id="LDAP-6BC54F990FF9133091160D3361655A1DF3DC47EC" maskAttributeValues="false" ldapType="PingDirectory" ldapTypeDesc="PingDirectory" testOnBorrow="false" testOnReturn="false" createIfNecessary="true" minIdle="10" maxActive="100" maxWait="-1" timeBetweenEvictionRunsMillis="60000" readTimeoutMillis="3000" connTimeoutMillis="3000" verifyHost="true" dnsTtlMillis="60000" ldapDnsSrvPrefix="_ldap._tcp" ldapsDnsSrvPrefix="_ldaps._tcp">
        <ldap:host>pd</ldap:host>
        <ldap:principal>cn=administrator</ldap:principal>
        <ldap:use-ssl>false</ldap:use-ssl>
        <ldap:use-dns-srv-records>false</ldap:use-dns-srv-records>
        <ldap:credentials>eyJhbGciOiJkaXIiLCJlbmMiOiJBMTI4Q0JDLUhTMjU2Iiwia2lkIjoiV0J0eDlMYTFURSIsInZlcnNpb24iOiI5LjMuMS4xIn0..VZwWhmjO8tuycccsqjCqGQ.2QnN38z-sajIgQVgPsWu0w.v5QOVmwlirffl942Cimt9Q</ldap:credentials>
        <ldap:authenticationMeth>simple</ldap:authenticationMeth>
        <ldap:description>PingDirectory</ldap:description>
        <ldap:name>PingDirectory</ldap:name>
        <ldap:binaryAttributes/>
    </ldap:ldap-source>
</ldap:ldap-sources>