<?xml version="1.0" encoding="UTF-8"?>
<con:config xmlns:con="http://www.sourceid.org/2004/05/config">
    <con:item name="ApplicationDockEndpoint">https://desktop.pingone.com/cd-1329272504.pingidentity</con:item>
    <con:item name="ProvisioningBaseUrl">https://scim.connect.pingidentity.com/prov-service</con:item>
    <con:item name="KeyPairAlias">v767hs6jlssk7mt1yywrl4avo</con:item>
    <con:item name="ClientId">ececce08-9d90-4c83-a7d3-f089bd6779a8</con:item>
    <con:item name="AccountId">6107e5d5-2491-4767-aecf-5708d99c5178</con:item>
    <con:item name="CompanyName">cprice+MSP@pingidentity.com</con:item>
    <con:item name="Associated">true</con:item>
</con:config>